{
  "uuid": "cd649906-3b46-40a3-98fc-5bb46808011f",
  "table_name": "flows_raw",
  "database": {
    "database_name": "ClickHouse"
  },
  "columns": [
    {
      "column_name": "asn_organization"
    },
    {
      "column_name": "city_name"
    },
    {
      "column_name": "iso_code"
    },
    {
      "column_name": "country_name"
    },
    {
      "column_name": "octetDeltaCount"
    },
    {
      "column_name": "flow_start_time"
    }
  ],
  "metrics": [
    {
      "metric_name": "count",
      "expression": "COUNT(*)"
    },
    {
      "metric_name": "sum__octetDeltaCount",
      "expression": "SUM(octetDeltaCount)"
    }
  ],
  "cache_timeout": null,
  "schema": null,
  "description": "",
  "is_managed_externally": false
}